ä½œè€…,è®šæ•¸,æ™‚é–“,é€£çµ,è²¼æ–‡å…§å®¹
é…’é€ å’Œé£Ÿå±…é…’å±‹,0,6åˆ†é˜,https://www.facebook.com/groups/traveler168/posts/1860775761104466,å¤§å®¶ä¸€èµ·åƒèµ·ä¾†
94æ„›æ—…éŠå„ªæƒ æ¶å…ˆå ±,0,19åˆ†é˜,https://www.facebook.com/groups/traveler168/posts/1860770161105026,
94æ„›æ—…éŠå„ªæƒ æ¶å…ˆå ±,0,44åˆ†é˜,https://www.facebook.com/groups/traveler168/posts/1860759267772782,
å¼µå°å†‰,7,5å¤©,https://www.facebook.com/groups/traveler168/posts/1857260864789289,æ³¡æ¹¯+ç¾Žé£Ÿï¼Œç¹å¿™ä¹‹é¤˜çš„å°ç¢ºå¹¸
æ±Ÿæ›¼å¯§,0,1å°æ™‚,https://www.facebook.com/groups/traveler168/posts/1860748664440509,
é»ƒæª¸æª¬YELLOWLEMON,0,1å°æ™‚,https://www.facebook.com/groups/traveler168/posts/1860740211108021,#æ´›æ‰ç£¯ è¥¿å¥½èŠå¡¢è‰¾è¿ªéœé…’åº— The West Hollywood EDITION è©³ç´°é–‹ç®± https://chic.tw/s/WMr8h6xEDITION æ˜¯è¬è±ªæ——ä¸‹æ¨™æ¦œé«˜ç«¯ã€æ½®æµçš„è¨­è¨ˆé…’åº—å“ç‰Œï¼Œè¥¿å¥½èŠå¡¢è‰¾è¿ªéœé…’åº—æ˜¯ç¾Žè¥¿é¦–é–“å–”ã€‚é£¯åº—å…¥å£è¢«è”¥è”¥é¬±é¬±çš„æ¤ç‰©åŒ…åœï¼ŒæŒ‘é«˜ä¸‰å±¤æ¨“çš„å¤§å»³é›–ç„¶ç°¡ç´„å»ååˆ†æ°£æ´¾ï¼Œé¢¨æ ¼ç¾ä»£åˆä¸å¤±æº«é¦¨ã€‚è¢«å‡ç­‰åˆ°é«˜ç´šå¥—æˆ¿çœŸçš„æ˜¯åˆé©šåˆå–œï¼Œæˆ¿é–“æ˜¯æˆ‘å–œæ­¡çš„æœ¨è³ªè£æ½¢ï¼Œæœ‰é¤å»³ã€å®¢å»³ã€è‡¥å®¤ã€1.5å¥—è¡›æµ´ä»¥åŠè¶…ç´šç„¡æ•µéœ¹é‚å¤§çš„éœ²å°å¯ä»¥åœ¨é€™çœ‹æ˜Ÿæ˜Ÿé‚„èƒ½æ¬£è³žLAçµ¢çˆ›çš„éƒ½æœƒå¤œæ™¯ã€‚å‚™å“å…¨æ˜¯Le Laboç‚ºè‰¾è¿ªéœé…’åº—ç¨å®¶è¨­è¨ˆçš„ç”¢å“ï¼Œæˆ‘åªèƒ½èªªçœŸçš„æ˜¯å¾ˆæ”¾é¬†ã€å¾ˆäº«å—å•Šï¼ä¸€é€²æˆ¿å°±åªæƒ³å¾…åœ¨é£¯åº—è£¡ï¼Œè§€å…‰è¡Œç¨‹å¯ä»¥ é€š é€š å– æ¶ˆ æ²’ é—œ ä¿‚ï¼
é™³å†°ç©Ž,22,1æœˆ24æ—¥,https://www.facebook.com/groups/traveler168/posts/1806310579884318,ä¾†æŽ¨è–¦ä¸€é–“æ–°é–‹å¹•çš„è¶³é«”é¤Šç”Ÿæœƒé¤¨ã€Œå¤§éƒ½æœƒè¶³é«”é¤Šç”Ÿæœƒé¤¨ã€æŒ‰å®Œæœƒè®“æ‚¨æƒ³å¤§å–Šå†ä¾†ä¸€æ¬¡ï¼Œæ¯ä½å°ˆæ¥­å¸«å‚…çš„æ‰‹æ³•éƒ½æ‹›æ‹›åˆ°ä½ï¼Œç”±æ·ºå±¤å†åˆ°æ·±å±¤ï¼Œç–é€šæ‚¨æ‰€æœ‰ç¶“çµ¡ï¼Œç¶­æŒå…¨èº«çš„æ°£è¡€é †æš¢ï¼Œæ¥µè‡´æ”¾é¬†æŒ‡å£“æŒ‰æ‘©ä¸ç®¡æ˜¯ç¶“çµ¡æˆ–æ˜¯ç©´é“åŠ å£“ï¼Œç·©è§£èº«é«”æ‰€æœ‰ç— ç—›ï¼Œéƒ½èƒ½å¤ ç‚ºæ‚¨è§£æ±ºç· é€ ç„¡æ•¸çš„å„ªè‰¯å£ç¢‘ï¼Œè¶•ç·Šæ‰“é›»è©±é ç´„é‚„æœ‰é«”é©—çš„å„ªæƒ åƒ¹æ ¼ã€‚å¤ªæ…¢æ‰“é›»è©±é ç´„å°±è¨‚ä¸åˆ°ä½å¤§éƒ½æœƒè¶³é«”é¤Šç”Ÿæœƒé¤¨åº—å®¶è³‡è¨Šåœ°å€ï¼šæ¿æ©‹å€å—é›…å—è·¯ä¸€æ®µ5è™Ÿ(é„°è¿‘å—é›…å¤œå¸‚ï¼Œ85åº¦cæ­£å°é¢)ï¼Œå‘¨é‚Šå…±ä¸‰é–“åœè»Šå ´èµ°è·¯éƒ½ç´„2~3åˆ†é˜ã€‚LINE é ç´„ï¼šhttps://lin.ee/1Ank2J9é ç´„å°ˆç·šï¼š(02)2272-8889é–‹å¹•ç‡Ÿæ¥­æ™‚é–“ï¼šä¸Šåˆ10ï¼š00ï½žå‡Œæ™¨02ï¼š00(ä¹‹å¾Œæ”¹ç‚º24å°æ™‚)
è·Ÿè‘—é ˜éšŠçŽ©,2,3å°æ™‚,https://www.facebook.com/groups/traveler168/posts/1860699011112141,Googleé«˜é”4.3é¡†æ˜Ÿï¼æ–°åŒ—CPå€¼çˆ†è¡¨çš„ç”Ÿé­šç‰‡ï¼Œ300å…ƒå°±æœ‰å°‡è¿‘30ç‰‡çš„é®­é­šã€ç´…ç”˜ã€æ——é­šã€è»Ÿçµ²ã€é®ªé­šå’Œé®®è¦ï¼Œç­‰æ–¼ä¸€ç‰‡ï¼‘ï¼å…ƒè¶…ä¾¿å®œçš„ï¼Œé‡é»žæ˜¯æ–°é®®åˆç¾Žå‘³ï¼Googleé«˜é”4.3é¡†æ˜Ÿï¼å…¨æ–‡é–±è®€ï¼šhttps://taiwantour.info/woods-sashimi/
å³ä½©å‹³,0,3å°æ™‚,https://www.facebook.com/groups/traveler168/posts/1860685637780145,æ–°å¢žæ©Ÿä½æ‰¾åˆ°äº†ç›´é£›å¯Œåœ‹å³¶6æ—¥27900å«ç¨…èµ·ç›´é£› å…ç°½è­‰ï½žâ€¦â€¦ æŸ¥çœ‹æ›´å¤š
è¡™é–€æ‰“å·¥ä»”çš„æ—¥å¸¸,0,5å°æ™‚,https://www.facebook.com/groups/traveler168/posts/1860639647784744,æ›´æ–°æ¾³æ´²è‡ªç”±è¡Œ8å¤©7å¤œçš„ç¬¬3å¤©åˆ°ç¾åœ¨é‚„æ˜¯éžå¸¸æƒ³å¿µå¢¨çˆ¾æœ¬é›–ç„¶å¢¨çˆ¾æœ¬æ²’æœ‰ä¸€å€‹é¡¯è‘—çš„åœ°æ¨™ä¸éŽå¤©éš›ç·šæ˜¯çœŸçš„å¾ˆå¥½çœ‹â€¦â€¦ æŸ¥çœ‹æ›´å¤š
å¼µå°å†‰,7,5å¤©,https://www.facebook.com/groups/traveler168/posts/1857260864789289,æ³¡æ¹¯+ç¾Žé£Ÿï¼Œç¹å¿™ä¹‹é¤˜çš„å°ç¢ºå¹¸
é»ƒæª¸æª¬YELLOWLEMON,0,1å°æ™‚,https://www.facebook.com/groups/traveler168/posts/1860740211108021,#æ´›æ‰ç£¯ è¥¿å¥½èŠå¡¢è‰¾è¿ªéœé…’åº— The West Hollywood EDITION è©³ç´°é–‹ç®± https://chic.tw/s/WMr8h6xEDITION æ˜¯è¬è±ªæ——ä¸‹æ¨™æ¦œé«˜ç«¯ã€æ½®æµçš„è¨­è¨ˆé…’åº—å“ç‰Œï¼Œè¥¿å¥½èŠå¡¢è‰¾è¿ªéœé…’åº—æ˜¯ç¾Žè¥¿é¦–é–“å–”ã€‚é£¯åº—å…¥å£è¢«è”¥è”¥é¬±é¬±çš„æ¤ç‰©åŒ…åœï¼ŒæŒ‘é«˜ä¸‰å±¤æ¨“çš„å¤§å»³é›–ç„¶ç°¡ç´„å»ååˆ†æ°£æ´¾ï¼Œé¢¨æ ¼ç¾ä»£åˆä¸å¤±æº«é¦¨ã€‚è¢«å‡ç­‰åˆ°é«˜ç´šå¥—æˆ¿çœŸçš„æ˜¯åˆé©šåˆå–œï¼Œæˆ¿é–“æ˜¯æˆ‘å–œæ­¡çš„æœ¨è³ªè£æ½¢ï¼Œæœ‰é¤å»³ã€å®¢å»³ã€è‡¥å®¤ã€1.5å¥—è¡›æµ´ä»¥åŠè¶…ç´šç„¡æ•µéœ¹é‚å¤§çš„éœ²å°å¯ä»¥åœ¨é€™çœ‹æ˜Ÿæ˜Ÿé‚„èƒ½æ¬£è³žLAçµ¢çˆ›çš„éƒ½æœƒå¤œæ™¯ã€‚å‚™å“å…¨æ˜¯Le Laboç‚ºè‰¾è¿ªéœé…’åº—ç¨å®¶è¨­è¨ˆçš„ç”¢å“ï¼Œæˆ‘åªèƒ½èªªçœŸçš„æ˜¯å¾ˆæ”¾é¬†ã€å¾ˆäº«å—å•Šï¼ä¸€é€²æˆ¿å°±åªæƒ³å¾…åœ¨é£¯åº—è£¡ï¼Œè§€å…‰è¡Œç¨‹å¯ä»¥ é€š é€š å– æ¶ˆ æ²’ é—œ ä¿‚ï¼
é™³å†°ç©Ž,22,1æœˆ24æ—¥,https://www.facebook.com/groups/traveler168/posts/1806310579884318,ä¾†æŽ¨è–¦ä¸€é–“æ–°é–‹å¹•çš„è¶³é«”é¤Šç”Ÿæœƒé¤¨ã€Œå¤§éƒ½æœƒè¶³é«”é¤Šç”Ÿæœƒé¤¨ã€æŒ‰å®Œæœƒè®“æ‚¨æƒ³å¤§å–Šå†ä¾†ä¸€æ¬¡ï¼Œæ¯ä½å°ˆæ¥­å¸«å‚…çš„æ‰‹æ³•éƒ½æ‹›æ‹›åˆ°ä½ï¼Œç”±æ·ºå±¤å†åˆ°æ·±å±¤ï¼Œç–é€šæ‚¨æ‰€æœ‰ç¶“çµ¡ï¼Œç¶­æŒå…¨èº«çš„æ°£è¡€é †æš¢ï¼Œæ¥µè‡´æ”¾é¬†æŒ‡å£“æŒ‰æ‘©ä¸ç®¡æ˜¯ç¶“çµ¡æˆ–æ˜¯ç©´é“åŠ å£“ï¼Œç·©è§£èº«é«”æ‰€æœ‰ç— ç—›ï¼Œéƒ½èƒ½å¤ ç‚ºæ‚¨è§£æ±ºç· é€ ç„¡æ•¸çš„å„ªè‰¯å£ç¢‘ï¼Œè¶•ç·Šæ‰“é›»è©±é ç´„é‚„æœ‰é«”é©—çš„å„ªæƒ åƒ¹æ ¼ã€‚å¤ªæ…¢æ‰“é›»è©±é ç´„å°±è¨‚ä¸åˆ°ä½å¤§éƒ½æœƒè¶³é«”é¤Šç”Ÿæœƒé¤¨åº—å®¶è³‡è¨Šåœ°å€ï¼šæ¿æ©‹å€å—é›…å—è·¯ä¸€æ®µ5è™Ÿ(é„°è¿‘å—é›…å¤œå¸‚ï¼Œ85åº¦cæ­£å°é¢)ï¼Œå‘¨é‚Šå…±ä¸‰é–“åœè»Šå ´èµ°è·¯éƒ½ç´„2~3åˆ†é˜ã€‚LINE é ç´„ï¼šhttps://lin.ee/1Ank2J9é ç´„å°ˆç·šï¼š(02)2272-8889é–‹å¹•ç‡Ÿæ¥­æ™‚é–“ï¼šä¸Šåˆ10ï¼š00ï½žå‡Œæ™¨02ï¼š00(ä¹‹å¾Œæ”¹ç‚º24å°æ™‚)
è·Ÿè‘—é ˜éšŠçŽ©,2,3å°æ™‚,https://www.facebook.com/groups/traveler168/posts/1860699011112141,Googleé«˜é”4.3é¡†æ˜Ÿï¼æ–°åŒ—CPå€¼çˆ†è¡¨çš„ç”Ÿé­šç‰‡ï¼Œ300å…ƒå°±æœ‰å°‡è¿‘30ç‰‡çš„é®­é­šã€ç´…ç”˜ã€æ——é­šã€è»Ÿçµ²ã€é®ªé­šå’Œé®®è¦ï¼Œç­‰æ–¼ä¸€ç‰‡ï¼‘ï¼å…ƒè¶…ä¾¿å®œçš„ï¼Œé‡é»žæ˜¯æ–°é®®åˆç¾Žå‘³ï¼Googleé«˜é”4.3é¡†æ˜Ÿï¼å…¨æ–‡é–±è®€ï¼šhttps://taiwantour.info/woods-sashimi/
å³ä½©å‹³,0,3å°æ™‚,https://www.facebook.com/groups/traveler168/posts/1860685637780145,æ–°å¢žæ©Ÿä½æ‰¾åˆ°äº†ç›´é£›å¯Œåœ‹å³¶6æ—¥27900å«ç¨…èµ·ç›´é£› å…ç°½è­‰ï½žâ€¦â€¦ æŸ¥çœ‹æ›´å¤š
è¡™é–€æ‰“å·¥ä»”çš„æ—¥å¸¸,0,5å°æ™‚,https://www.facebook.com/groups/traveler168/posts/1860639647784744,æ›´æ–°æ¾³æ´²è‡ªç”±è¡Œ8å¤©7å¤œçš„ç¬¬3å¤©åˆ°ç¾åœ¨é‚„æ˜¯éžå¸¸æƒ³å¿µå¢¨çˆ¾æœ¬é›–ç„¶å¢¨çˆ¾æœ¬æ²’æœ‰ä¸€å€‹é¡¯è‘—çš„åœ°æ¨™ä¸éŽå¤©éš›ç·šæ˜¯çœŸçš„å¾ˆå¥½çœ‹å°¤å…¶æ˜¯æ•£æ­¥åœ¨é€™åŸŽå¸‚ä¸­å¯ä»¥æ„Ÿå—åˆ°çš„æ–‡è—æ°›åœ
Chen Li,0,5å°æ™‚,https://www.facebook.com/groups/traveler168/posts/1860635067785202,é‚€ç´„ä½ é¢¨å’Œæ—¥éº—çš„å¥½å¤©æ°£æ™‚è¸é’çˆ¬å±±åˆ°æ±ç¢‡è·¯(æˆ–ç™½é›²è·¯ã€å‹¤é€²è·¯ã€ç§€å³°è·¯ã€å¤§å°–å±±æ­¥é“)è¸é›ªå°‹å¹½ï¼Œæ•¸ä¸€æ•¸æ¯æ¢è·¯æœ‰å¤šå°‘å †ç™½é›ªï¼Ÿhttps://www.facebook.com/share/p/hzY9t6zA3YCF61tC/?mibextid=oFDknk
è·Ÿè‘—é ˜éšŠçŽ©,3,6å°æ™‚,https://www.facebook.com/groups/traveler168/posts/1860628701119172,æ²¹æ¡èŠ±çŽ©æ°´æ™¯é»žéš±èº«åœ¨æ¡ƒåœ’é¾æ½­è¿‘ç™¾å¹´çš„ç³¯ç±³æ©‹ï¼Œå„ªç¾Žçš„æ©‹æ‹±æ˜¯è¨±å¤šç¶²ç¾Žçš„æ‹ç…§ç§˜å¢ƒï¼Œé™„è¿‘é‚„æœ‰äº”æœˆé›ªæ²¹æ¡èŠ±å‘¢ï¼æ›´ä¸²é€£ä¸‰å‘è‡ªè¡Œè»Šé“ã€ä¸‰å‘è€è¡—ï¼Œä¸­åˆå¯å®‰æŽ’çŸ³é–€æ´»é­šå¤§é¤ï¼Œå†ä¾†å€‹å¤é“æ¼«éŠå°±æ˜¯å®Œç¾Žçš„ä¸€æ—¥è¡Œç¨‹ï¼å…¨æ–‡é–±è®€ï¼šhttps://taiwantour.info/daping-red-bridge-trail/
Andy Chou,0,6å°æ™‚,https://www.facebook.com/groups/traveler168/posts/1860447594470616,å°å—è¦ªå­äºŒæ—¥éŠï¼å°å—åœ¨åœ°äººå¸¶ä½ çŽ©ï¼Œå°å—è¦ªå­æ—…éŠçœéŒ¢æ–°çŽ©æ³•~å°å—æ—…éŠç¾Žé£Ÿè­·ç…§ï¼Œä¸€æœ¬$999ï¼ŒåŠ ç¢¼è´ˆé€è¬åœ‹é€šè·¯æ‰‹æç®±(å¸‚åƒ¹$4580)
å¤§éµ¬ç£åœ‹å®¶é¢¨æ™¯å€ç®¡ç†è™•,1,6å°æ™‚,https://www.facebook.com/groups/traveler168/posts/1860618407786868,#æ†æ˜¥å¢¾ä¸ #å±æ±æ—…éŠé—œå±±å¤•ç…§ååˆ—æ†æ˜¥å…«æ™¯ã€‚é—œå±±ä½æ–¼æ†æ˜¥åŠå³¶è¥¿å—æ–¹ã€åˆåé«˜å±±å·–ã€å…¨å€ç‚ºéš†èµ·çŠç‘šç¤å°åœ°ã€æµ·æ‹”é«˜åº¦ç´„152å…¬å°ºï¼Œç”±æ–¼åœ°å‹¢é«˜ï¼Œæ˜¯å¢¾ä¸åœ‹å®¶å…¬åœ’å…§è§€è³žå¤•ç…§åŠé çœºæ†æ˜¥åŠå³¶å„å€çš„æœ€ä½³åœ°é»žã€‚
åº·éŸ¶è²,2,20å°æ™‚,https://www.facebook.com/groups/traveler168/posts/1860173851164657,HUGOä¹Ÿå¤ªæ´»æ½‘å¯æ„›äº†å§! å¤©å•Šä¸æ„§æ˜¯å¤§äººå°å­©éƒ½å–œæ­¡çš„é¦™è‡
Chenghao Huang,0,14å°æ™‚,https://www.facebook.com/groups/traveler168/posts/1860433344472041,[å°ä¸­æ—…éŠ]å…¥ä½ä½æ–¼äº¤é€šæ¨žç´å°ä¸­è»Šç«™æ—æ–°é–‹å¹•ä¸ä¹…çš„å°ä¸­æ±æ—…ï¼Œé‚„ç‰¹åˆ¥æŒ‘é¸äº†æœ‰é™„æµ´ç¼¸çš„è¡Œæ”¿å®¢æˆ¿æˆ¿åž‹ï¼ŒæŽ¡å…‰å¥½ã€é¬§ä¸­å–éœï¼Œåƒ¹ä½ä¹Ÿåˆå®œã€‚æ—©é¤ä¹‹å¤–ï¼Œæ›´æä¾›åˆèŒ¶ã€å®µå¤œï¼Œè®“ä½å®¿è€…éš¨æ™‚éƒ½ä¸æœƒé¤“ã€‚æ›´é‡è¦çš„æ˜¯é¤¨å…§é‚„ä½µè¨­æœ‰åƒæ­²æœˆè¶³é«”é¤Šç”Ÿå·¥åŠï¼Œæä¾›ä½å®¢åŠèº«ç¶“çµ¡æŒ‰æ‘©å„ªæƒ æ–¹æ¡ˆï¼Œç„¡è«–å•†å‹™é‚„æ˜¯ä¼‘é–“åº¦å‡ï¼Œéƒ½è®“æ—…è¡Œæ›´åŠ æ”¾ï½žè¼•ï½žé¬†ã€‚[æ—…å®¿ã€æŒ‰æ‘©ï¼å°ä¸­ä¸­å€]https://bit.ly/kisara_02347
è·Ÿè‘—é ˜éšŠçŽ©,4,16å°æ™‚,https://www.facebook.com/groups/traveler168/posts/1860389681143074,çµ‚æ–¼è®“æˆ‘ç­‰åˆ°æ²¹æ¡èŠ±é–‹çš„æ—¥å­^^ï¼Œé€™æ˜¯ä¸€æ¢è¦ªå­è·¯ç·šçš„ç§˜å¢ƒ^^å“¥å“¥å’Œå¦¹å¦¹éƒ½å¯ä»¥è¼•é¬†èµ°å®Œå…¨ç¨‹ï¼Œå¬°å…’è»Šä¹Ÿå¾ˆæ–¹ä¾¿å–”ï¸¿ï¸¿è¶•å¿«è·Ÿè‘—æˆ‘å€‘ä¸€èµ·å‡ºä¾†çŽ©ï¸¿ï¸¿ å…¨æ–‡é–±è®€ï¼šhttps://taiwantour.info/tung-flower-secret/
Cherry Huang Cherry,0,18å°æ™‚,https://www.facebook.com/groups/traveler168/posts/1860316857817023,#æ¡ƒåœ’å‡ºç™¼é‡œå±±æ—…éŠ  çµ¦ä½ ä¸ä¸€æ¨£çš„é¸æ“‡æ¿Ÿå·žèˆªç©º  æ–°å“ä¸Šæž¶æ»¿æ»¿ 5å¤© // è®“ä½ ç›¡æƒ…çŽ©åˆ°å«‘å«‘çš„â€¦â€¦ æŸ¥çœ‹æ›´å¤š
Kao May,1,16å°æ™‚,https://www.facebook.com/groups/traveler168/posts/1860328244482551,
Amy Lin,0,16å°æ™‚,https://www.facebook.com/groups/traveler168/posts/1860348847813824,æ„›åƒæµ·é®®çš„æœ‹å‹ï¼ŒçœŸçš„åˆ¥éŒ¯éŽé€™å®¶æ–°é–‹çš„åº—é¢ã€‚
Qian Hedy,0,16å°æ™‚,https://www.facebook.com/groups/traveler168/posts/1860367187811990,#æ·‚è—æ´‹è¡Œ #ä¹ä»½å’–å•¡å»³ #ä¹ä»½ç¾Žé£Ÿ #ç‘žèŠ³ç¾Žé£Ÿæƒ³åœ¨ä¹ä»½è€è¡—æ‰¾é–“è€å®…å’–å•¡å»³ï¼ŒæŽ¨è–¦æ·‚è—æ´‹è¡Œï¼Œé¤é»žå¯¦åœ¨åˆå¤§ä»½ã€åƒ¹æ ¼åˆç†ã€‚é€™æ¬¡é»žäº†ç´…é…’ç‰›è‚‰ã€é¬†é¤…éƒ½å¾ˆå–œæ­¡ï¼Œå‘³é“å¾ˆæ£’ï¼Œåº—å®¶æ°£æ°›ä¹Ÿå¾ˆæº«é¦¨â€¦â€¦ æŸ¥çœ‹æ›´å¤š
Kinmen Tour,0,16å°æ™‚,https://www.facebook.com/groups/traveler168/posts/1860366151145427,ç„¡è«–ä½ æ˜¯å°‹æ‰¾å†’éšªã€éœè¬é‚„æ˜¯å¥‡å¹»æˆ‘å€‘çš„ #æ¥µå…‰åœ˜å°‡å¸¶ä½ ç©¿è¶Šæ¥µåœ°æŽ¢ç´¢å¤§è‡ªç„¶çš„ç¥žç§˜ä¹‹ç¾Žæº–å‚™å¥½å•Ÿç¨‹äº†å—Žï¼Ÿç«‹å³é è¨‚ä½ çš„åœ“å¤¢ä¹‹æ—…â€¦â€¦ æŸ¥çœ‹æ›´å¤š
é™³å†°ç©Ž,22,1æœˆ24æ—¥,https://www.facebook.com/groups/traveler168/posts/1806310579884318,ä¾†æŽ¨è–¦ä¸€é–“æ–°é–‹å¹•çš„è¶³é«”é¤Šç”Ÿæœƒé¤¨ã€Œå¤§éƒ½æœƒè¶³é«”é¤Šç”Ÿæœƒé¤¨ã€æŒ‰å®Œæœƒè®“æ‚¨æƒ³å¤§å–Šå†ä¾†ä¸€æ¬¡ï¼Œæ¯ä½å°ˆæ¥­å¸«å‚…çš„æ‰‹æ³•éƒ½æ‹›æ‹›åˆ°ä½ï¼Œç”±æ·ºå±¤å†åˆ°æ·±å±¤ï¼Œç–é€šæ‚¨æ‰€æœ‰ç¶“çµ¡ï¼Œç¶­æŒå…¨èº«çš„æ°£è¡€é †æš¢ï¼Œæ¥µè‡´æ”¾é¬†æŒ‡å£“æŒ‰æ‘©ä¸ç®¡æ˜¯ç¶“çµ¡æˆ–æ˜¯ç©´é“åŠ å£“ï¼Œç·©è§£èº«é«”æ‰€æœ‰ç— ç—›ï¼Œéƒ½èƒ½å¤ ç‚ºæ‚¨è§£æ±ºç· é€ ç„¡æ•¸çš„å„ªè‰¯å£ç¢‘ï¼Œè¶•ç·Šæ‰“é›»è©±é ç´„é‚„æœ‰é«”é©—çš„å„ªæƒ åƒ¹æ ¼ã€‚å¤ªæ…¢æ‰“é›»è©±é ç´„å°±è¨‚ä¸åˆ°ä½å¤§éƒ½æœƒè¶³é«”é¤Šç”Ÿæœƒé¤¨åº—å®¶è³‡è¨Šåœ°å€ï¼šæ¿æ©‹å€å—é›…å—è·¯ä¸€æ®µ5è™Ÿ(é„°è¿‘å—é›…å¤œå¸‚ï¼Œ85åº¦cæ­£å°é¢)ï¼Œå‘¨é‚Šå…±ä¸‰é–“åœè»Šå ´èµ°è·¯éƒ½ç´„2~3åˆ†é˜ã€‚LINE é ç´„ï¼šhttps://lin.ee/1Ank2J9é ç´„å°ˆç·šï¼š(02)2272-8889é–‹å¹•ç‡Ÿæ¥­æ™‚é–“ï¼šä¸Šåˆ10ï¼š00ï½žå‡Œæ™¨02ï¼š00(ä¹‹å¾Œæ”¹ç‚º24å°æ™‚)
è¡™é–€æ‰“å·¥ä»”çš„æ—¥å¸¸,0,5å°æ™‚,https://www.facebook.com/groups/traveler168/posts/1860639647784744,æ›´æ–°æ¾³æ´²è‡ªç”±è¡Œ8å¤©7å¤œçš„ç¬¬3å¤©åˆ°ç¾åœ¨é‚„æ˜¯éžå¸¸æƒ³å¿µå¢¨çˆ¾æœ¬é›–ç„¶å¢¨çˆ¾æœ¬æ²’æœ‰ä¸€å€‹é¡¯è‘—çš„åœ°æ¨™ä¸éŽå¤©éš›ç·šæ˜¯çœŸçš„å¾ˆå¥½çœ‹å°¤å…¶æ˜¯æ•£æ­¥åœ¨é€™åŸŽå¸‚ä¸­å¯ä»¥æ„Ÿå—åˆ°çš„æ–‡è—æ°›åœ
åº·éŸ¶è²,2,20å°æ™‚,https://www.facebook.com/groups/traveler168/posts/1860173851164657,HUGOä¹Ÿå¤ªæ´»æ½‘å¯æ„›äº†å§! å¤©å•Šä¸æ„§æ˜¯å¤§äººå°å­©éƒ½å–œæ­¡çš„é¦™è‡
Chenghao Huang,0,14å°æ™‚,https://www.facebook.com/groups/traveler168/posts/1860433344472041,[å°ä¸­æ—…éŠ]å…¥ä½ä½æ–¼äº¤é€šæ¨žç´å°ä¸­è»Šç«™æ—æ–°é–‹å¹•ä¸ä¹…çš„å°ä¸­æ±æ—…ï¼Œé‚„ç‰¹åˆ¥æŒ‘é¸äº†æœ‰é™„æµ´ç¼¸çš„è¡Œæ”¿å®¢æˆ¿æˆ¿åž‹ï¼ŒæŽ¡å…‰å¥½ã€é¬§ä¸­å–éœï¼Œåƒ¹ä½ä¹Ÿåˆå®œã€‚æ—©é¤ä¹‹å¤–ï¼Œæ›´æä¾›åˆèŒ¶ã€å®µå¤œï¼Œè®“ä½å®¿è€…éš¨æ™‚éƒ½ä¸æœƒé¤“ã€‚æ›´é‡è¦çš„æ˜¯é¤¨å…§é‚„ä½µè¨­æœ‰åƒæ­²æœˆè¶³é«”é¤Šç”Ÿå·¥åŠï¼Œæä¾›ä½å®¢åŠèº«ç¶“çµ¡æŒ‰æ‘©å„ªæƒ æ–¹æ¡ˆï¼Œç„¡è«–å•†å‹™é‚„æ˜¯ä¼‘é–“åº¦å‡ï¼Œéƒ½è®“æ—…è¡Œæ›´åŠ æ”¾ï½žè¼•ï½žé¬†ã€‚[æ—…å®¿ã€æŒ‰æ‘©ï¼å°ä¸­ä¸­å€]https://bit.ly/kisara_02347
Kao May,1,16å°æ™‚,https://www.facebook.com/groups/traveler168/posts/1860328244482551,
Amy Lin,0,16å°æ™‚,https://www.facebook.com/groups/traveler168/posts/1860348847813824,æ„›åƒæµ·é®®çš„æœ‹å‹ï¼ŒçœŸçš„åˆ¥éŒ¯éŽé€™å®¶æ–°é–‹çš„åº—é¢ã€‚
Qian Hedy,0,16å°æ™‚,https://www.facebook.com/groups/traveler168/posts/1860367187811990,#æ·‚è—æ´‹è¡Œ #ä¹ä»½å’–å•¡å»³ #ä¹ä»½ç¾Žé£Ÿ #ç‘žèŠ³ç¾Žé£Ÿæƒ³åœ¨ä¹ä»½è€è¡—æ‰¾é–“è€å®…å’–å•¡å»³ï¼ŒæŽ¨è–¦æ·‚è—æ´‹è¡Œï¼Œé¤é»žå¯¦åœ¨åˆå¤§ä»½ã€åƒ¹æ ¼åˆç†ã€‚é€™æ¬¡é»žäº†ç´…é…’ç‰›è‚‰ã€é¬†é¤…éƒ½å¾ˆå–œæ­¡ï¼Œå‘³é“å¾ˆæ£’ï¼Œåº—å®¶æ°£æ°›ä¹Ÿå¾ˆæº«é¦¨
Kinmen Tour,0,16å°æ™‚,https://www.facebook.com/groups/traveler168/posts/1860366151145427,ç„¡è«–ä½ æ˜¯å°‹æ‰¾å†’éšªã€éœè¬é‚„æ˜¯å¥‡å¹»æˆ‘å€‘çš„ #æ¥µå…‰åœ˜å°‡å¸¶ä½ ç©¿è¶Šæ¥µåœ°æŽ¢ç´¢å¤§è‡ªç„¶çš„ç¥žç§˜ä¹‹ç¾Žæº–å‚™å¥½å•Ÿç¨‹äº†å—Žï¼Ÿç«‹å³é è¨‚ä½ çš„åœ“å¤¢ä¹‹æ—…è«‹ç§è¨Šæˆ–åŠ LINE:https://lin.ee/TH78x6Oæœå‹™ç†±ç·š: 082-311990
é­šè·¯å°æ£§ç²¾ç·»é‹ç‰©,1,23å°æ™‚,https://www.facebook.com/groups/traveler168/posts/1860210814494294,DramaæŠ“åª½æ—¥å¸¸å®¶åº­èšé¤ä¹Ÿå¯ä»¥ä¸€äººé–‹ä¸€é‹ï¼è¶…å¤§åŒ…å»‚é‚„æœ‰å¡æ‹‰OKæ—¥å¼æœ¨è³ªé¢¨æ ¼è¨­è¨ˆçš„é‹ç‰©åº—è”¬é£Ÿã€é£²æ–™ã€å†°æ·‡æ·‹è‡ªåŠ©å§åƒåˆ°é£½è›¤èœŠ10é¡†39å…ƒçœŸçš„æ²’çœ‹éŒ¯å‘€ï¼æ–°åŒ—ï¼Œå®Œæ•´åˆ†äº«https://dramastory2019.com/yuluhotpot/#ç¾Žé£Ÿéƒ¨è½å®¢ #DramaæŠ“åª½æ—¥å¸¸#é­šè·¯å°æ£§ç²¾ç·»é‹ç‰© #é‡‘å±±æ—…éŠ
è·Ÿè‘—é ˜éšŠçŽ©,5,20å°æ™‚,https://www.facebook.com/groups/traveler168/posts/1860275867821122,æ±æµ·å²¸æœ€ç¾Žçš„æ²™ç˜ä¹‹ä¸€ï¼Œåœ¨å²¸é‚ŠçŽ©æ°´çœ‹é­šåªæ˜¯åŸºæœ¬ï¼Œå…¶å¯¦ä½ é‚„å¯ä»¥æµ®æ½›ã€SUPå’Œç¨æœ¨èˆŸï¼Œç”¨ä¸åŒçš„è§’åº¦çœ‹æµ·å–”ï¼å…¨æ–‡é–±è®€ï¼šhttps://taiwantour.info/toyama-fishery/
æ„›æ¨‚,4,18å°æ™‚,https://www.facebook.com/groups/traveler168/posts/1860313997817309,"2024å°åŒ—æ–°è—è¡“åšè¦½æœƒ å‘¨æœ«æ­¡è¿Žå…±è¥„ç››èˆ‰ å€’æ•¸è¨ˆ ç²¾é‡‡é å‘Š ã€2024 å°åŒ—æ–°è—è¡“åšè¦½æœƒâ€§ç•°æ¬¡å…ƒ ã€‘ 4/26-4/28 ä¸–è²¿ä¸€é¤¨â–Žã€Œäºžæ´²æŒ‡æ¨™æ€§ã€è—åšæœƒï¼Œå …æŒå‰µæ–°ã€å¼•é ˜æ½®æµã€‚â–Žå…±è¨ˆä¹å¤§å±•å€ï¼ŒåŒ¯é›†48åœ‹ã€339ä½è—è¡“å®¶ã€3,000å¤šä»¶çš„é ‚å°–ä½œå“å‰µæ„å±•å‡ºã€‚ â–ŽACCUPASSè³¼ç¥¨ï¼šhttps://reurl.cc/nrdR6Xç²¾é‡‡é å‘Šhttps://youtu.be/k2d2BdchCMk ç¶² å€ï¼šwww.arts.org.tw  FBï¼šhttps://www.facebook.com/artrevolutiontaipei/  IGï¼šhttps://www.instagram.com/art_revolution_taipei  YTï¼šhttps://www.youtube.com/@ArtRevolutionTaipei #å°åŒ—æ–°è—è¡“åšè¦½æœƒ #2024ART #è—åšæœƒ #ç•°æ¬¡å…ƒ #ä¸–è²¿ä¸€é¤¨"
è·Ÿè‘—é ˜éšŠçŽ©,3,19å°æ™‚,https://www.facebook.com/groups/traveler168/posts/1860301424485233,åˆ°å°æ±æ± ä¸Šçœ‹é‡‘åŸŽæ­¦æ¨¹é¨Žä¼¯æœ—å¤§é“ï¼Œç•¶ç„¶è¦ä½åœ¨ç”°è£¡é¢å•¦ï¼ä½ æœ‰çœ‹åˆ°æˆ‘çš„æ°‘å®¿å—Žï¼å°±æ˜¯è¢«å¤§åœ°ç•«å¸ƒæ°´ç”°åŒ…åœçš„é‚£ä¸€é–“é˜¿ï¼#å°æ±ä½å®¿ #æ± ä¸Šä½å®¿ #ç”°è£¡é¢æ°‘å®¿å…¨æ–‡é–±è®€ï¼šhttps://taiwantour.info/tianli-homestay
å•Šè³€ï¼ï¼ç¾åšæ²é¤…èˆ– - å¤–æ˜Ÿäººå°èˆ–,1,1å¤©,https://www.facebook.com/groups/traveler168/posts/1860168851165157,å•Šè³€ï¼ï¼ç¾åšæ²é¤…èˆ–çš„ã€ŒåŠ ç†±å³é£Ÿã€å†·å‡æ²é¤…ä¸Šå¸‚å›‰ï¼åªè¦5~8åˆ†é˜ å°±èƒ½è¼•é¬†è§£æ±ºæ‚¨çš„æ—©ã€åˆã€æ™šé¤åŠé»žå¿ƒå®µå¤œ12ç¨®å“é …ä»»æ‚¨é¸æ“‡ï¼Œç‡Ÿé¤Šç¾Žå‘³æ˜¯å®¶åº­ä¸»å©¦ã€ä¸Šç­æ—ã€å­¸ç”Ÿæ—ç¾¤è§£æ±ºä¸‰é¤ ã€é»žå¿ƒã€å®µå¤œçš„æ–°é¸æ“‡ã€‚ä¸€ä»½å…©å¡Šï¼Œæ–™ç†æ–¹å¼ç°¡å–®å¿«é€Ÿï¼Œéš¨æ™‚éš¨åœ°æ‚¨éƒ½èƒ½äº«å—ä¸€ä»½åƒå‰›å‡ºçˆé…¥è„†å¥½åƒçš„æ²é¤…ï¼Œæ»¿è¶³æ‚¨ä¸åŒçš„éœ€æ±‚å–”ç¾åœ¨è¨‚è³¼å³å¯äº«æœ‰9æŠ˜å„ªæƒ ï¼Œé›™åŒ—åœ°å€æ»¿ä¸€åƒå…ƒä»¥ä¸Šé‚„å¯å…ä»˜é‹è²»å–”ï¼æº«é¦¨æç¤ºï¼š@æ‰€æœ‰å•†å“å†·å‡ä¿å­˜æœ‰é™æœŸé™ä¸‰å€‹æœˆã€‚@æœ¬ç”¢å“ä¸å«ä»»ä½•é˜²è…åŠ‘ï¼Œé¤é»žå–å‡ºèª¿ç†ä½¿ç”¨å¾Œï¼Œè«‹å‹™å¿…æ–¼ç•¶æœŸé¤æœŸé£Ÿç”¨å®Œç•¢ã€‚
é™³æ€¡å¦‚,1,1å¤©,https://www.facebook.com/groups/traveler168/posts/1860181317830577,ç†Šå¯¶è²å¤šå…ƒåŒ–æ´¾è»Šå³æ—¥èµ·é‚€è«‹æœ‹å‹åŠ å…¥å®˜ç¶²å³è´ˆ$20ä¹˜è»Šé‡‘ï¼ä¸é™æ¬¡æ•¸ å¯ç´¯ç©ï¼æœå‹™ç¯„åœï¼šæ¡ƒåœ’ã€é›™åŒ—ã€åŸºéš†æ±éƒ¨ä¸­éƒ¨å—éƒ¨çš†å¯å®‰æŽ’é«˜é€Ÿä¸åŠ åƒ¹å¤œé–“ç„¡åŠ æˆ24Hç·šä¸Šå®¢æœç‚ºæ‚¨æœå‹™ä¸€å°ä¸€å«è»Š ä¿éšœæ‚¨çš„éš±ç§æ­¡è¿Žé ç´„ã€å³æ™‚å«è»Šæ©Ÿå ´æŽ¥é€ã€é•·é€”æ­ä¹˜çš†æœ‰å„ªæƒ åƒ¹è²¼å¿ƒæé†’å°–å³°æ™‚æ®µå‹™å¿…ææ—©é ç´„å«è»Šé¿å…è€½èª¤æ‚¨å¯¶è²´æ™‚é–“æ­¡è¿Žå«è»Šé™„ä¸Šå®˜ç¶²å¸³è™Ÿ@273bpjxd
è¬éœ²è¥¿,1,20å°æ™‚,https://www.facebook.com/groups/traveler168/posts/1860199334495442,"ç¾©å¤§åˆ©åˆéŠ!!!!è¶…ç´šè¶…ç´šå–œæ­¡æ³¢éš†é‚£é€™å€‹åŸŽå¸‚çš„>""""""""<"
æž—å­æ©,2,20å°æ™‚,https://www.facebook.com/groups/traveler168/posts/1860266224488753,2024å¹´æœ€å¤¯çš„å¿…å‚™æ™¯  ç‰›å¥¶æµ·ç™»å ´å›‰ 5-9æœˆå®œè˜­é¾œå±±å³¶ç‰›å¥¶æµ·éŠè‰‡åœ˜ä¾†å•¦ è¶•ç·Šç§è¨Šå°ç·¨å¡ä½å•¦é å®šæˆåŠŸé€é ­åŸŽå³¶ä¸»é¾è¦æµ·é®®ç«é‹9æŠ˜åˆ¸é¾œâ€¦â€¦ æŸ¥çœ‹æ›´å¤š
é‡‘æ°¸è±,0,21å°æ™‚,https://www.facebook.com/groups/traveler168/posts/1860240621157980,æ±äº¬æ„›çŽ©æ¨‚~é«˜é›„å‡ºç™¼è¦ªå­åŒéŠ å¤§äººå°å­©éƒ½é–‹å¿ƒé ‚ç´šå¤¢å¹»åœ‹åº¦-æ±äº¬è¿ªå·¥å°¼è‘—åå§»ç¶ ç¥žç¤¾-å†°å·ç¥žç¤¾äººæ°£å¿…éŠ-å°å ´æ±äº¬ç£Xå½©è™¹å¤§æ©‹è²·æ±è¥¿ã€â€¦â€¦ æŸ¥çœ‹æ›´å¤š
Qian Hedy,0,16å°æ™‚,https://www.facebook.com/groups/traveler168/posts/1860367187811990,#æ·‚è—æ´‹è¡Œ #ä¹ä»½å’–å•¡å»³ #ä¹ä»½ç¾Žé£Ÿ #ç‘žèŠ³ç¾Žé£Ÿæƒ³åœ¨ä¹ä»½è€è¡—æ‰¾é–“è€å®…å’–å•¡å»³ï¼ŒæŽ¨è–¦æ·‚è—æ´‹è¡Œï¼Œé¤é»žå¯¦åœ¨åˆå¤§ä»½ã€åƒ¹æ ¼åˆç†ã€‚é€™æ¬¡é»žäº†ç´…é…’ç‰›è‚‰ã€é¬†é¤…éƒ½å¾ˆå–œæ­¡ï¼Œå‘³é“å¾ˆæ£’ï¼Œåº—å®¶æ°£æ°›ä¹Ÿå¾ˆæº«é¦¨
Kinmen Tour,0,16å°æ™‚,https://www.facebook.com/groups/traveler168/posts/1860366151145427,ç„¡è«–ä½ æ˜¯å°‹æ‰¾å†’éšªã€éœè¬é‚„æ˜¯å¥‡å¹»æˆ‘å€‘çš„ #æ¥µå…‰åœ˜å°‡å¸¶ä½ ç©¿è¶Šæ¥µåœ°æŽ¢ç´¢å¤§è‡ªç„¶çš„ç¥žç§˜ä¹‹ç¾Žæº–å‚™å¥½å•Ÿç¨‹äº†å—Žï¼Ÿç«‹å³é è¨‚ä½ çš„åœ“å¤¢ä¹‹æ—…è«‹ç§è¨Šæˆ–åŠ LINE:https://lin.ee/TH78x6Oæœå‹™ç†±ç·š: 082-311990
é­šè·¯å°æ£§ç²¾ç·»é‹ç‰©,1,23å°æ™‚,https://www.facebook.com/groups/traveler168/posts/1860210814494294,DramaæŠ“åª½æ—¥å¸¸å®¶åº­èšé¤ä¹Ÿå¯ä»¥ä¸€äººé–‹ä¸€é‹ï¼è¶…å¤§åŒ…å»‚é‚„æœ‰å¡æ‹‰OKæ—¥å¼æœ¨è³ªé¢¨æ ¼è¨­è¨ˆçš„é‹ç‰©åº—è”¬é£Ÿã€é£²æ–™ã€å†°æ·‡æ·‹è‡ªåŠ©å§åƒåˆ°é£½è›¤èœŠ10é¡†39å…ƒçœŸçš„æ²’çœ‹éŒ¯å‘€ï¼æ–°åŒ—ï¼Œå®Œæ•´åˆ†äº«https://dramastory2019.com/yuluhotpot/#ç¾Žé£Ÿéƒ¨è½å®¢ #DramaæŠ“åª½æ—¥å¸¸#é­šè·¯å°æ£§ç²¾ç·»é‹ç‰© #é‡‘å±±æ—…éŠ
æ„›æ¨‚,4,18å°æ™‚,https://www.facebook.com/groups/traveler168/posts/1860313997817309,"2024å°åŒ—æ–°è—è¡“åšè¦½æœƒ å‘¨æœ«æ­¡è¿Žå…±è¥„ç››èˆ‰ å€’æ•¸è¨ˆ ç²¾é‡‡é å‘Š ã€2024 å°åŒ—æ–°è—è¡“åšè¦½æœƒâ€§ç•°æ¬¡å…ƒ ã€‘ 4/26-4/28 ä¸–è²¿ä¸€é¤¨â–Žã€Œäºžæ´²æŒ‡æ¨™æ€§ã€è—åšæœƒï¼Œå …æŒå‰µæ–°ã€å¼•é ˜æ½®æµã€‚â–Žå…±è¨ˆä¹å¤§å±•å€ï¼ŒåŒ¯é›†48åœ‹ã€339ä½è—è¡“å®¶ã€3,000å¤šä»¶çš„é ‚å°–ä½œå“å‰µæ„å±•å‡ºã€‚ â–ŽACCUPASSè³¼ç¥¨ï¼šhttps://reurl.cc/nrdR6Xç²¾é‡‡é å‘Šhttps://youtu.be/k2d2BdchCMk ç¶² å€ï¼šwww.arts.org.tw  FBï¼šhttps://www.facebook.com/artrevolutiontaipei/  IGï¼šhttps://www.instagram.com/art_revolution_taipei  YTï¼šhttps://www.youtube.com/@ArtRevolutionTaipei #å°åŒ—æ–°è—è¡“åšè¦½æœƒ #2024ART #è—åšæœƒ #ç•°æ¬¡å…ƒ #ä¸–è²¿ä¸€é¤¨"
å•Šè³€ï¼ï¼ç¾åšæ²é¤…èˆ– - å¤–æ˜Ÿäººå°èˆ–,1,1å¤©,https://www.facebook.com/groups/traveler168/posts/1860168851165157,å•Šè³€ï¼ï¼ç¾åšæ²é¤…èˆ–çš„ã€ŒåŠ ç†±å³é£Ÿã€å†·å‡æ²é¤…ä¸Šå¸‚å›‰ï¼åªè¦5~8åˆ†é˜ å°±èƒ½è¼•é¬†è§£æ±ºæ‚¨çš„æ—©ã€åˆã€æ™šé¤åŠé»žå¿ƒå®µå¤œ12ç¨®å“é …ä»»æ‚¨é¸æ“‡ï¼Œç‡Ÿé¤Šç¾Žå‘³æ˜¯å®¶åº­ä¸»å©¦ã€ä¸Šç­æ—ã€å­¸ç”Ÿæ—ç¾¤è§£æ±ºä¸‰é¤ ã€é»žå¿ƒã€å®µå¤œçš„æ–°é¸æ“‡ã€‚ä¸€ä»½å…©å¡Šï¼Œæ–™ç†æ–¹å¼ç°¡å–®å¿«é€Ÿï¼Œéš¨æ™‚éš¨åœ°æ‚¨éƒ½èƒ½äº«å—ä¸€ä»½åƒå‰›å‡ºçˆé…¥è„†å¥½åƒçš„æ²é¤…ï¼Œæ»¿è¶³æ‚¨ä¸åŒçš„éœ€æ±‚å–”ç¾åœ¨è¨‚è³¼å³å¯äº«æœ‰9æŠ˜å„ªæƒ ï¼Œé›™åŒ—åœ°å€æ»¿ä¸€åƒå…ƒä»¥ä¸Šé‚„å¯å…ä»˜é‹è²»å–”ï¼æº«é¦¨æç¤ºï¼š@æ‰€æœ‰å•†å“å†·å‡ä¿å­˜æœ‰é™æœŸé™ä¸‰å€‹æœˆã€‚@æœ¬ç”¢å“ä¸å«ä»»ä½•é˜²è…åŠ‘ï¼Œé¤é»žå–å‡ºèª¿ç†ä½¿ç”¨å¾Œï¼Œè«‹å‹™å¿…æ–¼ç•¶æœŸé¤æœŸé£Ÿç”¨å®Œç•¢ã€‚
é™³æ€¡å¦‚,1,1å¤©,https://www.facebook.com/groups/traveler168/posts/1860181317830577,ç†Šå¯¶è²å¤šå…ƒåŒ–æ´¾è»Šå³æ—¥èµ·é‚€è«‹æœ‹å‹åŠ å…¥å®˜ç¶²å³è´ˆ$20ä¹˜è»Šé‡‘ï¼ä¸é™æ¬¡æ•¸ å¯ç´¯ç©ï¼æœå‹™ç¯„åœï¼šæ¡ƒåœ’ã€é›™åŒ—ã€åŸºéš†æ±éƒ¨ä¸­éƒ¨å—éƒ¨çš†å¯å®‰æŽ’é«˜é€Ÿä¸åŠ åƒ¹å¤œé–“ç„¡åŠ æˆ24Hç·šä¸Šå®¢æœç‚ºæ‚¨æœå‹™ä¸€å°ä¸€å«è»Š ä¿éšœæ‚¨çš„éš±ç§æ­¡è¿Žé ç´„ã€å³æ™‚å«è»Šæ©Ÿå ´æŽ¥é€ã€é•·é€”æ­ä¹˜çš†æœ‰å„ªæƒ åƒ¹è²¼å¿ƒæé†’å°–å³°æ™‚æ®µå‹™å¿…ææ—©é ç´„å«è»Šé¿å…è€½èª¤æ‚¨å¯¶è²´æ™‚é–“æ­¡è¿Žå«è»Šé™„ä¸Šå®˜ç¶²å¸³è™Ÿ@273bpjxd
é‡‘æ°¸è±,0,21å°æ™‚,https://www.facebook.com/groups/traveler168/posts/1860240621157980,æ±äº¬æ„›çŽ©æ¨‚~é«˜é›„å‡ºç™¼è¦ªå­åŒéŠ å¤§äººå°å­©éƒ½é–‹å¿ƒé ‚ç´šå¤¢å¹»åœ‹åº¦-æ±äº¬è¿ªå·¥å°¼è‘—åå§»ç¶ ç¥žç¤¾-å†°å·ç¥žç¤¾äººæ°£å¿…éŠ-å°å ´æ±äº¬ç£Xå½©è™¹å¤§æ©‹è²·æ±è¥¿ã€åƒæ±è¥¿ã€è²·æ±è¥¿ã€åƒæ±è¥¿ï¼š7/17ï¼ˆä¸‰ï¼‰8/14ï¼ˆä¸‰ï¼‰å„ªæƒ åƒ¹ï¼š31900/äºº åŠ å…¥å°ç·¨è³´ç«‹å³å•LINE ID:  7272200é–€å¸‚åœ°å€ï¼šé«˜é›„å¸‚å‰éŽ®å€æ°¸è±è·¯20è™Ÿ (å½°åŒ–éŠ€è¡Œå°é¢)
æ±Ÿæ›¼å¯§,0,22å°æ™‚,https://www.facebook.com/groups/traveler168/posts/1860228917825817,
æ±Ÿæ›¼å¯§,0,22å°æ™‚,https://www.facebook.com/groups/traveler168/posts/1860222334493142,æŒ‘æˆ°å¸‚å ´æœ€é«˜CPå€¼å·´çˆ¾å¹¹å…¨è¦½9åœ‹17å¤©åªè¦ 85900  å†é€å°è²» (åƒ¹å€¼6800)ã€9åœ‹å…±10å€‹ä¸–ç•Œæ–‡åŒ–éºç”¢ã€‘1. åŒˆ ç‰™ åˆ©- å¸ƒé”ä½©æ–¯èˆŠåŸŽå€2.ç¾…é¦¬å°¼äºž- å¸è¡€é¬¼å¾·å¤æ‹‰åŸŽå ¡3.ä¿åŠ åˆ©äºž- ç²‰è‰²çŽ«ç‘°å¡è´Šå‹’å…‹4. ç§‘ ç´¢ æ²ƒ - æ ¼æ‹‰æ°å°¼å¯Ÿä¿®é“é™¢5. é¦¬ å…¶ é “ - å²é«˜æ¯”è€¶é¦–éƒ½6.é˜¿çˆ¾å·´å°¼äºž-åœ°æ‹‰é‚£é¦–éƒ½7.é»‘å±±å…±å’Œåœ‹-ç§‘ç‰¹å³½ç£ä¸–ç•Œéºç”¢8.æ³¢å£«å°¼äºž- èŽ«æ–¯å¡”çˆ¾å¤æ©‹9.å…‹ç¾…åŸƒè¥¿äºž-å¥§è¥¿è€¶å…‹ç¬¬å››å¤§åŸŽã€åŒ…å«äº”å¤§æ™¯é»žå…¥å…§é–€ç¥¨ã€‘â˜…æ™®é›·ç©†çˆ¾é˜²ç¦¦æ€§æ•™å ‚â˜…å¸ƒæœ—åŸŽå ¡ï¼ˆå¸è¡€é¬¼å¾·å¤æ‹‰ï¼‰â˜…é„‰æ‘éœ²å¤©åšç‰©é¤¨â˜…åšé›…ç´æ•™å ‚â˜…æ ¼æ‹‰æ°å°¼å¯Ÿä¿®é“é™¢è«®è©¢è«‹æ´½ æœå‹™å°ˆå“¡ï¼šé›™å‘æ—…è¡Œç¤¾ æ›¼æ›¼ 0970-978-427 https://bit.ly/å„åœ‹æ—…éŠå„ªæƒ æ‰¾æ›¼æ›¼------------------------- æ›´å¤šæ—…éŠè¡Œç¨‹ https://bit.ly/åœ‹å…§å¤–æ—…éŠè³‡è¨Šé›™å‘åœ‹éš›æ—…è¡Œç¤¾ ç¶œåˆæ—…è¡Œç¤¾ äº¤è§€ç¶œå­—212400è™Ÿâ”‚å“ä¿åŒ—644è™Ÿ
é„­çŽ‰æ½”,0,23å°æ™‚,https://www.facebook.com/groups/traveler168/posts/1860214864493889,é€™æš–æ¹¯æœå‹™çµ¦éŽå—Ž
Kammonæ—…éŠ,0,23å°æ™‚,https://www.facebook.com/groups/traveler168/posts/1860198724495503,
é«˜æ¨‚å¤©,1,1å¤©,https://www.facebook.com/groups/traveler168/posts/1860067451175297,æ–°åº—å ±å ±!!!!å°å—çŸ¥åå’–å•¡åº—æœé€£éŽ–å“ç‰Œé‚é€²ï¼ˆè¦åŠ ç›Ÿéœ€è¦æ·±æ€ç†Ÿæ…®å–”ï¼ï¼‰ç°¡ç´„æ–‡é’çš„åº—é¢è¶…èˆ’é©çš„ã€ŒDjangoæ±ºå“¥æ‰‹çƒ˜å’–å•¡å§-è£•è¾²åº—ã€ã€‚     ã€ŒDjangoæ±ºå“¥æ‰‹çƒ˜å’–å•¡å§ã€åœ¨å°å—ç¸½å…±æœ‰6é–“ç‡Ÿæ¥­åº—é¢ ï¼Œå…¶ä¸­å°é«˜åˆ†äº«éŽã€Œæ±ºå“¥å’–å•¡-ç³–æžœèŽŠåœ’ã€å»èµ°è€å®…æ—©åˆé¤æ°›åœï¼Œè€Œé€™é–“ã€ŒDjangoæ±ºå“¥æ‰‹çƒ˜å’–å•¡å§-è£•è¾²åº—ã€é–‹å¹•è‡³ä»Šåƒ…3å€‹æœˆæ™‚é–“ï¼Œä»Šå¤©åŽŸæœ¬æƒ³è²·è·¯æ˜“èŽŽçš„å’–å•¡ä¾†è§£è§£é¥žï¼ŒçœŸå¤±æœ›ç«Ÿç„¶ç™¼ç¾è·¯æ˜“èŽŽå·²ç¶“çµæŸç‡Ÿæ¥­ï¼Œå°±åœ¨ä¸é è™•ç™¼ç¾é€™å®¶æ±ºå“¥å’–å•¡å§æœ‰ç‡Ÿæ¥­ï¼Œå› æ­¤å°±æ±ºå®šé€²åŽ»å¤–å¸¶èˆ‡å„ä½åˆ†äº«ï¼Œå“åšå®Œè¦ºå¾—å¥½å–å®šåƒ¹åˆç†ç¯„åœå…§ï¼Œå€¼å¾—æ¨‚å¤©å°é«˜æŽ¨è–¦çµ¦æ‚¨å“åšçœ‹çœ‹ã€‚#Djangoæ±ºå“¥æ‰‹çƒ˜å’–å•¡å§è£•è¾²åº— #Djangoæ±ºå“¥æ‰‹çƒ˜å’–å•¡å§ #å°å— #æ‡¶äººåŒ… #å°å—ç¾Žé£Ÿ #ç”œé»ž #æ±å€ #æ—©åˆé¤ #å’–å•¡ #æ¨‚å¤©å°é«˜ #ç¾Žé£Ÿ #æ¨‚å¤© #åƒ
è·Ÿè‘—é ˜éšŠçŽ©,4,1å¤©,https://www.facebook.com/groups/traveler168/posts/1860141954501180,Googleå¤šé”åƒå‰‡4.5åˆ†è˜­å¶¼ç¬¬ä¸€å¿…åƒç«Ÿç„¶ä¸æ˜¯é£›é­šï¼Œè€Œæ˜¯å†°å¿ƒé€æ¸…æ¶¼çš„é€™ä¸€æ¯ï¼Œä¾†åˆ°è˜­å¶¼çš„äººå¤©å¤©éƒ½åœ¨åƒå†°ï¼Œå› ç‚ºçœŸçš„å¤ªç†±äº†ï¼Googleå¤šé”åƒå‰‡4.4åˆ†å¥½è©•å‘¢ï¼å…¨æ–‡é–±è®€ï¼šhttps://taiwantour.info/wenwen-taro-ice/
å¼µè‚²è,1,23å°æ™‚,https://www.facebook.com/groups/traveler168/posts/1860194207829288,å°åŒ—æ·é‹åœ‹çˆ¶ç´€å¿µé¤¨ç«™æ–°é–‹å¹•æ—©åˆé¤å’–å•¡å»³ï¼Œã€ŒM5 Coffeeä»‹ä¸˜å’–å•¡å°åŒ—å…‰å¾©é–€å¸‚ã€ä¸€é–‹å¹•å°±çˆ†ç´…ï¼Œä¸€æ—©8é»žç‡Ÿæ¥­ï¼Œç´”ç™½çŽ»ç’ƒå±‹é–€é¢ï¼Œç¶²ç¾Žæ‰“å¡æ™¯é»žï¼Œè¶…ç¾Žæ¼¸å±¤å±±è„ˆèª¿é£²ã€Œä¸­å¤®ã€æŠ¹èŒ¶å’–å•¡å¿…å–ï¼Œä¸€æ—©ç”¨å’–å•¡ç™‚ç™’ä¸€æ—¥ç¾Žå¥½é–‹å§‹ã€‚ä¾†åŽ»å–ï¼šhttps://upssmile.com/216338/m5coffee-officialM5 Coffeeä»‹ä¸˜å’–å•¡å°åŒ—å…‰å¾©é–€å¸‚ã€‚é›»è©±ï¼š02 2775 5008ã€‚åœ°å€ï¼š106å°åŒ—å¸‚å¤§å®‰å€å…‰å¾©å—è·¯346å··56è™Ÿ1æ¨“ã€‚ç‡Ÿæ¥­æ™‚é–“ï¼šä¸€äºŒä¸‰å››äº”08:00â€“18:30ã€‚å…­æ—¥10:00â€“18:30ã€‚
æ¹¯å®—éœ–,0,1å¤©,https://www.facebook.com/groups/traveler168/posts/1860154707833238,å›žæ†¶ â€¢ TRAVEL ï½œUSA â€¢ CANADA ï½œ2020/ 0207 - 0215æ¼«éŠç¾Žåœ‹è¥¿é›…åœ–ï¼Œèˆ‡åŠ æ‹¿å¤§ç²¾é¸æ™¯é»žä¹Ÿç´€éŒ„ä¸‹æ—…è¡Œï¼Œç¾Žå¥½çš„å›žæ†¶ã€‚â€¦â€¦ æŸ¥çœ‹æ›´å¤š
è·Ÿè‘—é ˜éšŠçŽ©,4,1å¤©,https://www.facebook.com/groups/traveler168/posts/1860141241167918,Googleå¤šé”åƒå‰‡4.5åˆ†è˜­å¶¼ç¬¬ä¸€å¿…åƒç«Ÿç„¶ä¸æ˜¯é£›é­šï¼Œè€Œæ˜¯å†°å¿ƒé€æ¸…æ¶¼çš„é€™ä¸€æ¯ï¼Œä¾†åˆ°è˜­å¶¼çš„äººå¤©å¤©éƒ½åœ¨åƒå†°ï¼Œå› ç‚ºçœŸçš„å¤ªç†±äº†ï¼Googleå¤šé”åƒå‰‡4.4åˆ†å¥½è©•å‘¢ï¼å…¨æ–‡é–±è®€ï¼šhttps://taiwantour.info/wenwen-taro-ice/
Sinian Li,1,1å¤©,https://www.facebook.com/groups/traveler168/posts/1860124584502917,æ¯”å­—å…¸é‚„åŽšçš„èšµä»”ç…Ž ç«Ÿç„¶åªè¦éŠ…æ¿åƒ¹ é€™ä»½é‡éƒ½å¯ä»¥åˆ†æˆå…©ä»½è³£å•¦ï¼ çœ‹çœ‹è€é—†ç”¨æ–™å¤šè±ªé‚ï¼èˆˆé”æ¸¯-é‚±å®¶èšµä»”ç…Ž
é™³ç¾½ç¥¥,7,3æœˆ17æ—¥,https://www.facebook.com/groups/traveler168/posts/1835929250255784,åœ¨éº’éºŸå³°æº«æ³‰æ²æµ´ï¼Œèº«å¿ƒæº«æš–ï¼Œè‚Œè†šå¬Œå«©æ»‘æ½¤ï¼Œå¿ƒéˆç…¥ç„¶ä¸€æ–°ã€‚ç¢³é…¸æ°«éˆ‰æ³‰çš„ç¨ç‰¹é­…åŠ›ï¼ŒçœŸæ­£è®“äººé«”é©—åˆ°æº«æ³‰çš„ç¥žå¥‡ã€‚è¿™è¶Ÿæ—…ç¨‹ï¼Œçµ•å°æ˜¯èº«å¿ƒéˆçš„å®Œç¾Žç™‚ç™’ã€‚
è·Ÿè‘—é ˜éšŠçŽ©,4,1å¤©,https://www.facebook.com/groups/traveler168/posts/1860085064506869,å…¨æ–°ç‰¹è‰²å…¬åœ’å±±è¨“è¨­æ–½ï¼Œæœ‰æž—é–“æ“ºç›ªã€å¯†æž—åµæŸ¥ã€æ”€çˆ¬é«˜æ‰‹ã€å¢æž—å±æ©Ÿã€ç¿»è¶Šçµ‚é»žç­‰å…­é“é—œå¡ï¼Œå¤šé”15ç¨®ä»¥ä¸Šçš„å±±è¨“éŠæˆ²ï¼Œè®“å°æœ‹å‹çŽ©åˆ°ä¸æƒ³èµ°ã€‚Googleé«˜é”4.4é¡†æ˜Ÿï¼#æ¡ƒåœ’æ™¯é»ž #æ¡ƒåœ’ç‰¹è‰²å…¬åœ’å…¨æ–‡é–±è®€ï¼šhttps://taiwantour.info/greenwood-park/
é‡‘æ°¸è±,0,21å°æ™‚,https://www.facebook.com/groups/traveler168/posts/1860240621157980,æ±äº¬æ„›çŽ©æ¨‚~é«˜é›„å‡ºç™¼è¦ªå­åŒéŠ å¤§äººå°å­©éƒ½é–‹å¿ƒé ‚ç´šå¤¢å¹»åœ‹åº¦-æ±äº¬è¿ªå·¥å°¼è‘—åå§»ç¶ ç¥žç¤¾-å†°å·ç¥žç¤¾äººæ°£å¿…éŠ-å°å ´æ±äº¬ç£Xå½©è™¹å¤§æ©‹è²·æ±è¥¿ã€åƒæ±è¥¿ã€è²·æ±è¥¿ã€åƒæ±è¥¿ï¼š7/17ï¼ˆä¸‰ï¼‰8/14ï¼ˆä¸‰ï¼‰å„ªæƒ åƒ¹ï¼š31900/äºº åŠ å…¥å°ç·¨è³´ç«‹å³å•LINE ID:  7272200é–€å¸‚åœ°å€ï¼šé«˜é›„å¸‚å‰éŽ®å€æ°¸è±è·¯20è™Ÿ (å½°åŒ–éŠ€è¡Œå°é¢)
æ±Ÿæ›¼å¯§,0,22å°æ™‚,https://www.facebook.com/groups/traveler168/posts/1860222334493142,æŒ‘æˆ°å¸‚å ´æœ€é«˜CPå€¼å·´çˆ¾å¹¹å…¨è¦½9åœ‹17å¤©åªè¦ 85900  å†é€å°è²» (åƒ¹å€¼6800)ã€9åœ‹å…±10å€‹ä¸–ç•Œæ–‡åŒ–éºç”¢ã€‘1. åŒˆ ç‰™ åˆ©- å¸ƒé”ä½©æ–¯èˆŠåŸŽå€2.ç¾…é¦¬å°¼äºž- å¸è¡€é¬¼å¾·å¤æ‹‰åŸŽå ¡3.ä¿åŠ åˆ©äºž- ç²‰è‰²çŽ«ç‘°å¡è´Šå‹’å…‹4. ç§‘ ç´¢ æ²ƒ - æ ¼æ‹‰æ°å°¼å¯Ÿä¿®é“é™¢5. é¦¬ å…¶ é “ - å²é«˜æ¯”è€¶é¦–éƒ½6.é˜¿çˆ¾å·´å°¼äºž-åœ°æ‹‰é‚£é¦–éƒ½7.é»‘å±±å…±å’Œåœ‹-ç§‘ç‰¹å³½ç£ä¸–ç•Œéºç”¢8.æ³¢å£«å°¼äºž- èŽ«æ–¯å¡”çˆ¾å¤æ©‹9.å…‹ç¾…åŸƒè¥¿äºž-å¥§è¥¿è€¶å…‹ç¬¬å››å¤§åŸŽã€åŒ…å«äº”å¤§æ™¯é»žå…¥å…§é–€ç¥¨ã€‘â˜…æ™®é›·ç©†çˆ¾é˜²ç¦¦æ€§æ•™å ‚â˜…å¸ƒæœ—åŸŽå ¡ï¼ˆå¸è¡€é¬¼å¾·å¤æ‹‰ï¼‰â˜…é„‰æ‘éœ²å¤©åšç‰©é¤¨â˜…åšé›…ç´æ•™å ‚â˜…æ ¼æ‹‰æ°å°¼å¯Ÿä¿®é“é™¢è«®è©¢è«‹æ´½ æœå‹™å°ˆå“¡ï¼šé›™å‘æ—…è¡Œç¤¾ æ›¼æ›¼ 0970-978-427 https://bit.ly/å„åœ‹æ—…éŠå„ªæƒ æ‰¾æ›¼æ›¼------------------------- æ›´å¤šæ—…éŠè¡Œç¨‹ https://bit.ly/åœ‹å…§å¤–æ—…éŠè³‡è¨Šé›™å‘åœ‹éš›æ—…è¡Œç¤¾ ç¶œåˆæ—…è¡Œç¤¾ äº¤è§€ç¶œå­—212400è™Ÿâ”‚å“ä¿åŒ—644è™Ÿ
å¼µè‚²è,1,23å°æ™‚,https://www.facebook.com/groups/traveler168/posts/1860194207829288,å°åŒ—æ·é‹åœ‹çˆ¶ç´€å¿µé¤¨ç«™æ–°é–‹å¹•æ—©åˆé¤å’–å•¡å»³ï¼Œã€ŒM5 Coffeeä»‹ä¸˜å’–å•¡å°åŒ—å…‰å¾©é–€å¸‚ã€ä¸€é–‹å¹•å°±çˆ†ç´…ï¼Œä¸€æ—©8é»žç‡Ÿæ¥­ï¼Œç´”ç™½çŽ»ç’ƒå±‹é–€é¢ï¼Œç¶²ç¾Žæ‰“å¡æ™¯é»žï¼Œè¶…ç¾Žæ¼¸å±¤å±±è„ˆèª¿é£²ã€Œä¸­å¤®ã€æŠ¹èŒ¶å’–å•¡å¿…å–ï¼Œä¸€æ—©ç”¨å’–å•¡ç™‚ç™’ä¸€æ—¥ç¾Žå¥½é–‹å§‹ã€‚ä¾†åŽ»å–ï¼šhttps://upssmile.com/216338/m5coffee-officialM5 Coffeeä»‹ä¸˜å’–å•¡å°åŒ—å…‰å¾©é–€å¸‚ã€‚é›»è©±ï¼š02 2775 5008ã€‚åœ°å€ï¼š106å°åŒ—å¸‚å¤§å®‰å€å…‰å¾©å—è·¯346å··56è™Ÿ1æ¨“ã€‚ç‡Ÿæ¥­æ™‚é–“ï¼šä¸€äºŒä¸‰å››äº”08:00â€“18:30ã€‚å…­æ—¥10:00â€“18:30ã€‚
è·Ÿè‘—é ˜éšŠçŽ©,4,1å¤©,https://www.facebook.com/groups/traveler168/posts/1860085064506869,å…¨æ–°ç‰¹è‰²å…¬åœ’å±±è¨“è¨­æ–½ï¼Œæœ‰æž—é–“æ“ºç›ªã€å¯†æž—åµæŸ¥ã€æ”€çˆ¬é«˜æ‰‹ã€å¢æž—å±æ©Ÿã€ç¿»è¶Šçµ‚é»žç­‰å…­é“é—œå¡ï¼Œå¤šé”15ç¨®ä»¥ä¸Šçš„å±±è¨“éŠæˆ²ï¼Œè®“å°æœ‹å‹çŽ©åˆ°ä¸æƒ³èµ°ã€‚Googleé«˜é”4.4é¡†æ˜Ÿï¼#æ¡ƒåœ’æ™¯é»ž #æ¡ƒåœ’ç‰¹è‰²å…¬åœ’å…¨æ–‡é–±è®€ï¼šhttps://taiwantour.info/greenwood-park/
Lu Zheng,0,1å¤©,https://www.facebook.com/groups/traveler168/posts/1860084201173622,é¦™æ¸¯æœ€ç¾Žæ­¥é“ - é¾™è„Šæƒ³è¶åœ¨é¦™æ¸¯çš„å‡ å¤©å¾’æ­¥ï¼ŒåŽŸæœ¬ç§è‰éº¦ç†æµ©å¾„ï¼Œä½†æ— å¥ˆæ—¶é—´æœ‰é™ï¼Œèµ¶ä¸Šå¤§çƒ­å¤©ï¼ŒäºŽæ˜¯æƒ³é€‰ä¸ªèƒ½å¿«é€Ÿå¾€è¿”ï¼Œä¸å¤ªç´¯ï¼Œé£Žæ™¯åˆå¥½çš„çº¿è·¯ã€‚ æ‰¾åˆ°äº†ã€é¾™è„Š ã€‘- å®ƒè¢«ã€Šå­¤ç‹¬æ˜Ÿçƒã€‹è¯„ä¸ºé¦™æ¸¯æœ€ç¾Žå¾’æ­¥çº¿è·¯ã€‚ å¾€è¿”3å°æ—¶ï¼Œå±±è„Šèƒ½çœ‹ä¸¤è¾¹çš„æµ·ï¼Œä¸€è·¯é£Žæ™¯éƒ½ä¸é”™ã€‚åˆ°ç­²ç®•æ¹¾åå·´å£«åˆ°çŸ³æ¾³ï¼Œå¤§çº¦20æ¥åˆ†é’Ÿã€‚ä¸€è·¯ç›˜å±±å…¬è·¯ï¼Œè·¯é€”è§åˆ°æœ‰ä¸å°‘éª‘è¡Œçš„äººï¼Œå†²å¾—æ¯”è½¦å¿«ã€‚
Jason Li,0,1å¤©,https://www.facebook.com/groups/traveler168/posts/1860083017840407,å°ç£ï½œå°åŒ—ï½œä¸€å€‹å¾—æŽ¥å—çš„æ‰“å¡åœ°é›£å¿˜çš„å°ç£ä¹‹è¡Œ
Rick Chang,1,1å¤©,https://www.facebook.com/groups/traveler168/posts/1860077764507599,å°è±¬æ¼«æ­¥â”€â”€åœ¨å°è±¬æ¼«æ­¥ã€‚
è·Ÿè‘—é ˜éšŠçŽ©,8,1å¤©,https://www.facebook.com/groups/traveler168/posts/1860030167845692,çŽ©æ°´.æ²¹æ¡èŠ±ç§˜å¢ƒåŸºéš†åœ¨åœ°äººçŽ©æ°´ç§˜å¢ƒï¼Œé™¤äº†å¤©ç„¶çš„æ²³é“ä¹‹å¤–ï¼Œå°šæœ‰æ””æ²™å£©çš„å¬‰æ°´å€ï¼Œé‚„æœ‰æ²¹æ¡èŠ±å’Œéš±è—ç‰ˆäºžé¦¬éœæ²³èˆ¬çš„æ‹ç…§ç¾Žæ™¯å‘¢ï¼å…¨æ–‡é–±è®€ï¼šhttps://taiwantour.info/keelung-mystery/
é™³é¦™æ¨º,1,1å¤©,https://www.facebook.com/groups/traveler168/posts/1859804434534932,åœ¨æ›¼è°·æ½‘æ°´ç¯€çš„é€™é€± æˆ‘é«”é©—äº†â†“â’ˆsala rattanakosiné„­çŽ‹å»Ÿè½æ—¥é¤å»³-æ‹ç…§é¦–é¸ä¸€æ¨“éœ²å¤©æˆ–äºŒæ¨“é çª—çš„ä½ç½® è¦å…ˆé ç´„áœŠâ€¢á´—â€¢áœŠâ’‰æ­å˜Ÿå˜Ÿè»Š-é‡åˆ°çš„å¸æ©Ÿéƒ½é–‹è¶…å¿« å¥½çŽ©ï¼â’Šè—è¡“ä¹‹å®¶åšæ‰‹éŠ-ç å­çš„é¸æ“‡å¾ˆå¤š 100æ³°éŠ–å°±èƒ½ä¸²è‡ªå·±çš„æ‰‹éŠ èˆ’æœçš„å°å¤©åœ°áµ’Ì´Ì¶Ì·Ì¤Éžáµ’Ì´Ì¶Ì·Ì¤ â’‹icon siam-å…‰æ˜¯Gå±¤æ°´ä¸Šå¸‚é›†çš„å°åƒ å°±è®“æˆ‘é€›çš„é ­æ˜çœ¼èŠ±ð–¦¹â€Žð–¦¹â€Žâ’Œå¿…åƒçš„é€£éŽ–é¤å»³kub kao kub pla-å’–å“©èŸ¹çœŸçš„çµ¦ä»–å¤§æ‹‡æŒ‡ï¼æœ‰å¤ ä¸‹é£¯ æ»¿æ»¿èŸ¹è‚‰å¥½æ»¿è¶³ðŸ™‚â€â†”ï¸â’Pranakornæ‹é‚£ç©ºèˆ¹ç²‰-èˆ¹éºµå°ç¢—åªè¦18æ³°éŠ–ï¼ˆé€™ä»€éº¼ç¥žä»™åƒ¹æ ¼ï¼‰æŽ¨è–¦é»žç‚¸è±¬è‚‰é¤ƒå­ å¾ˆè„†åˆä¸æ²¹è†©â’Žè€ƒå±±è·¯/æš¹ç¾…æ½‘æ°´éŸ³æ¨‚ç¯€/Siam Squareæ½‘æ°´ç¯€-æ½‘çš„å¥½å¿«æ¨‚ï¼â’æ›¼è°·å„å¤§å•†å ´é€›è¡—-æˆ‘åœ¨centralworldå¤§è¿·è·¯â‹¯æ•´å€‹å•†å ´æœ‰å¤ å¤§https://www.instagram.com/reel/C6BusaNJ75G/?igsh=MWZna2Zic2Vsam5wMw==
é™³èŽ‰å©·,0,1å¤©,https://www.facebook.com/groups/traveler168/posts/1859952811186761,ç´…å›ä¸²ç‡’ æ¼äººç”ºåº—
æ¹¯å®—éœ–,1,1å¤©,https://www.facebook.com/groups/traveler168/posts/1859835491198493,å›žæ†¶ â€¢ TRAVEL ï½œUSA â€¢ CANADA ï½œ2020/ 0207 - 0215æ¼«éŠç¾Žåœ‹è¥¿é›…åœ–ï¼Œèˆ‡åŠ æ‹¿å¤§ç²¾é¸æ™¯é»žä¹Ÿç´€éŒ„ä¸‹æ—…è¡Œï¼Œç¾Žå¥½çš„å›žæ†¶ã€‚ç†±æ„›æ—…è¡Œçš„ä½ ï¼Œä¹Ÿä¸å¿˜ç´€éŒ„ä¸‹æ—…è¡Œçš„å›žæ†¶
è·Ÿè‘—é ˜éšŠçŽ©,3,1å¤©,https://www.facebook.com/groups/traveler168/posts/1859745201207522,ä¸–ç•Œéƒ½è®šå˜†å‘é“ä¸‰å¹´ä¸åˆ°çš„æ™‚é–“ï¼Œ2å€‹å¸«ã€3å€‹æ­¥å…µç‡Ÿã€1å€‹å·¥å…µç‡Ÿä»¥åŠ1å€‹å‚¾å¸è»Šé€£ï¼Œæ‰“é€ äº†è®“ä¸–ç•Œéƒ½è®šå˜†çš„åŒ—æµ·å‘é“ï¼Œé€™è£¡å’Œå¤§æ¼¢æ“šé»žéƒ½æ˜¯è—çœ¼æ·šçš„æ‹ç…§æ™¯é»žå–”ï¼å…¨æ–‡é–±è®€ï¼šhttps://taiwantour.info/mazu-hang-road/
Cherry Huang Cherry,0,1å¤©,https://www.facebook.com/groups/traveler168/posts/1859677551214287,#é«˜é›„å‡ºç™¼æ™‚å°šæ¸¯ç æ¾³4æ—¥ã€èµ¤å´å¤éŽ®ã€ä¸–ç•Œéºç”¢ã€å…¥ä½æ¾³é–€å¥¢è¯äº”æ˜ŸWé…’åº—ã€‘ https://tour.lifetour.com.tw/detail/MFMK0423BR02å”®åƒ¹ï¼š18800å…ƒ/äºº(å«ç¨…) èµ·å‡ºç™¼æ—¥æœŸï¼š5/19ã€5/266/2ã€6/16 (èµ¤å´å¤éŽ®åƒè¨ªåœ˜)â˜…ä¿è­‰å…¥ä½æ¾³é–€å¥¢è¯äº”æ˜ŸWé…’åº—+é…’åº—å…§ç”¨è‡ªåŠ©æ—©é¤â˜…ä¿è­‰å…¥ä½ç æµ·äº”æ˜Ÿé‰‘çˆ¾æ›¼é…’åº—+é…’åº—å…§ç”¨è‡ªåŠ©æ—©é¤â˜…çƒéŽ®é›†åœ˜æœ€æ–°åŠ›ä½œ~èµ¤å´è¯åƒ‘å¤éŽ®+å¾©å¤å™¹å™¹è»Š+é›·å°„æ°´èˆžç§€â˜…æ¾³é–€ä¸–ç•Œéºç”¢ä¸€æ—¥éŠ+é…’åº—å…§ç”¨è‡ªåŠ©é¤â˜…æ¸¯é€²æ¾³å‡ºé›™é»ž+æ¸¯ç æ¾³è·¨æµ·å¤§æ©‹é«”é©—(å–®ç¨‹)å ±åè«‹æ´½ï¼šäº”ç¦æ—…è¡Œç¤¾æ¥­å‹™ï¼šé»ƒç§€ç´æ‰‹æ©Ÿï¼š0938039846Line:hhc0101æˆ–è¡Œå‹•æ¢ç¢¼https://line.me/ti/p/AW7BCvVqnO
å®å®¶æ—…éŠ,0,1å¤©,https://www.facebook.com/groups/traveler168/posts/1859608644554511,å®å®¶æ—…éŠ
RLaièˆ‡SasaçŽ©ç”Ÿæ´»,0,1å¤©,https://www.facebook.com/groups/traveler168/posts/1859723951209647,RLaièˆ‡SasaçŽ©ç”Ÿæ´»â”€â”€åœ¨ä»Šæ—¥ä¸é£Ÿè‚‰çš„è”¬è»¾ã€‚
äº«å—ç”Ÿæ´»ä¸ç„¡èŠã€‚è¦å°å­«,5,1å¤©,https://www.facebook.com/groups/traveler168/posts/1859725911209451,åº§è½åœ¨å®œè˜­è˜‡æ¾³å—æ–¹æ¾³æ¼æ¸¯æ—çš„é¸ç‰©åº—ï¼†æ°‘å®¿ï¼å®›å¦‚æ—¥é›œèˆ¬çš„ç©ºé–“å¥½è®“äººå–œæ­¡ï½žâž¤ enlifesun.com/norimori-shophouse
